"Id";"Designator";"Footprint";"Quantity";"Designation";"Supplier and ref";
1;"J1,J3";"JST_PH_B4B-PH-SM4-TB_1x04-1MP_P2.00mm_Vertical";2;"Conn_01x04";;;
2;"J9";"USB_Micro-B_Wuerth_614105150721_Vertical_CircularHoles";1;"USB_B_Micro";;;
3;"R16";"R_0603_1608Metric";1;"430";;;
4;"JP1";"SolderJumper-3_P1.3mm_Bridged12_RoundedPad1.0x1.5mm";1;"I2C Adress Select";;;
5;"J2,J14,J13,J10,J12,J11,J15";"JST_PH_B2B-PH-SM4-TB_1x02-1MP_P2.00mm_Vertical";7;"Conn_01x02";;;
6;"HS1";"TMC-heatsink";1;"TMC-heatsink";;;
7;"SW1";"SW_Push_1P1T-Pana_EVPAA";1;"Reset";;;
8;"H1,H2";"MountingHole_3.2mm_M3";2;"MountingHole";;;
9;"J8,J6";"JST_PH_B3B-PH-SM4-TB_1x03-1MP_P2.00mm_Vertical";2;"Conn_01x03";;;
10;"J5";"JST_VH_B2P-VH-B_1x02_P3.96mm_Vertical";1;"Conn_01x02";;;
11;"D11";"LED_0603_1608Metric";1;"LED";;;
12;"SW2";"SW_Push_1P1T-Pana_EVPAA";1;"Boot";;;
13;"D4";"D_SMB";1;"SD560B";;;
14;"J4";"PinHeader_2x05_P1.27mm_Vertical_SMD";1;"Conn_02x05_Odd_Even";;;
15;"R12,R14,R23";"R_0603_1608Metric";3;"4k7";;;
16;"C23,C25,C29,C31,C7,C30";"C_0603_1608Metric";6;"2µ2";;;
17;"R13,R20,R1,R5,R21,R2,R22";"R_0603_1608Metric";7;"33k";;;
18;"L1";"L_0805_2012Metric";1;"L";;;
19;"C13";"CP_Elec_6.3x7.7";1;"100µ 35V";;;
20;"U7";"ADXL345BCCZ";1;"ADXL345BCCZ";;;
21;"C11";"C_0603_1608Metric";1;"10u 50V";;;
22;"D3,D6,D12,D2,D10,D5";"SOT-23";6;"BAT54S";;;
23;"R15,R11";"R_0603_1608Metric";2;"10k";;;
24;"C1,C2";"C_0603_1608Metric";2;"12p";;;
25;"U2";"UFQFPN-48_EP_7x7_Pitch0.5mm";1;"STM32F072CBUx";;;
26;"C28,C15,C19,C17,C26,C18,C10,C14,C21,C24,C27,C12";"C_0603_1608Metric";12;"100n";;;
27;"D7,D8,D9,D1";"D_SOD-323";4;"1N4448WS";;;
28;"U5";"MAX2040xAFL";1;"MAX2040xAFL";;;
29;"Q1,Q2,Q3";"SOT-457T";3;"RQ6E045TN";;;
30;"C8,C5,C6";"C_0603_1608Metric";3;"100n 50V";;;
31;"R17,R19,R18";"R_0603_1608Metric";3;"100R";;;
32;"C22,C20";"C_0603_1608Metric";2;"22u";;;
33;"C16";"C_0603_1608Metric_Pad1.08x0.95mm_HandSolder";1;"100n";;;
34;"R10";"R_0603_1608Metric";1;"120";;;
35;"U1";"TMC2209-LA-T";1;"TMC2209-LA-T";;;
36;"FB1";"L_0603_1608Metric";1;"FerriteBead_Small";;;
37;"U6";"SOT-223-3_TabPin2";1;"NCP1117-3.3";;;
38;"R3,R4";"R_0603_1608Metric";2;"20k";;;
39;"R7,R6";"R_0805_2012Metric";2;"0R11 0.5W";;;
40;"DA1";"SOT-23-6";1;"PJ4L40W6";;;
41;"C4";"C_0603_1608Metric";1;"22n 50V";;;
42;"U4";"SOT-563";1;"TMP112xxDRL";;;
43;"C3";"C_0603_1608Metric";1;"4u7";;;
44;"C9";"C_0603_1608Metric";1;"1u 50V";;;
45;"R9,R8";"R_0603_1608Metric";2;"DNF";;;
46;"U3";"SOIC-8_3.9x4.9mm_P1.27mm";1;"SN65HVD231";;;
47;"Y1";"Crystal_SMD_2520-4Pin_2.5x2.0mm";1;"12Mhz";;;
